Frame,ObjectID,ClassID,Score,CenterX,CenterY,Width,Height
1,,2,0.9900981,571,891,133,178
1,,2,0.9862117,437,742,122,118
1,,2,0.9771484,1750,635,159,64
1,,2,0.97134787,761,648,69,87
1,,2,0.94680613,1018,647,93,74
1,,2,0.92407423,928,533,61,52
1,,2,0.9240241,856,565,61,69
1,,2,0.876552,612,473,40,32
1,,2,0.85529435,881,473,39,32
1,,2,0.82219774,1336,980,245,198
1,,2,0.81933063,753,463,36,37
1,,2,0.8115217,1118,436,37,25
1,,2,0.74883235,942,458,37,29
1,,2,0.74808556,1877,605,85,90
1,,2,0.7368728,642,435,29,25
1,,2,0.7155792,688,450,33,35
1,,2,0.68976575,1268,433,51,40
1,,2,0.6305577,1424,466,70,32
1,0,,,571,891,,
1,1,,,437,742,,
1,2,,,1750,635,,
1,3,,,761,648,,
1,4,,,1018,647,,
1,5,,,928,533,,
1,6,,,856,565,,
1,7,,,612,473,,
1,8,,,881,473,,
1,9,,,1336,980,,
1,10,,,753,463,,
1,11,,,1118,436,,
1,12,,,942,458,,
1,13,,,1877,605,,
1,14,,,642,435,,
1,15,,,688,450,,
1,16,,,1268,433,,
1,17,,,1424,466,,
2,,2,0.99081546,567,905,140,190
2,,2,0.98580384,434,750,123,136
2,,2,0.96207553,1724,626,152,60
2,,2,0.9558036,930,534,59,55
2,,2,0.9416587,857,567,65,70
2,,2,0.941496,1019,650,91,74
2,,2,0.92048806,761,655,68,90
2,,2,0.8579397,612,474,41,34
2,,2,0.822646,881,473,39,32
2,,2,0.80576575,753,463,35,37
2,,2,0.80091935,1867,590,106,71
2,,2,0.7780852,641,436,29,25
2,,2,0.76744664,687,451,34,35
2,,2,0.7440616,943,459,37,29
2,,2,0.69654024,1347,984,255,189
2,,2,0.631948,1114,435,38,25
2,,2,0.6120626,1417,465,70,32
2,0,,,567,905,,
2,1,,,434,750,,
2,2,,,1724,626,,
2,3,,,761,655,,
2,4,,,1019,650,,
2,5,,,930,534,,
2,6,,,857,567,,
2,7,,,612,474,,
2,8,,,881,473,,
2,9,,,1347,984,,
2,10,,,753,463,,
2,11,,,1114,435,,
2,12,,,943,459,,
2,13,,,1867,590,,
2,14,,,641,436,,
2,15,,,687,451,,
2,16,,,1268,433,,
2,17,,,1417,465,,
3,,2,0.98417044,564,920,143,197
3,,2,0.9776216,1701,618,145,61
3,,2,0.9560188,762,659,69,87
3,,2,0.9498796,427,756,127,129
3,,2,0.9468085,1021,651,94,74
3,,2,0.9340208,930,536,61,53
3,,2,0.8628975,858,571,64,69
3,,2,0.8313862,612,475,40,35
3,,2,0.8257437,753,465,37,37
3,,2,0.82336223,1365,989,269,178
3,,2,0.8074154,1857,585,125,70
3,,2,0.7753957,882,475,39,32
3,,2,0.76359195,641,437,30,24
3,,2,0.7386805,946,461,36,31
3,,2,0.7016097,688,452,33,34
3,,2,0.6344395,1260,430,50,38
3,0,,,564,920,,
3,1,,,427,756,,
3,2,,,1701,618,,
3,3,,,762,659,,
3,4,,,1021,651,,
3,5,,,930,536,,
3,6,,,858,571,,
3,7,,,612,475,,
3,8,,,882,475,,
3,9,,,1365,989,,
3,10,,,753,465,,
3,11,,,1114,435,,
3,12,,,946,461,,
3,13,,,1857,585,,
3,14,,,641,437,,
3,15,,,688,452,,
3,16,,,1260,430,,
3,17,,,1417,465,,
4,,2,0.988894,560,934,144,204
4,,2,0.9796986,861,574,66,74
4,,2,0.9693575,424,763,130,128
4,,2,0.9690223,763,665,73,90
4,,2,0.9513697,931,537,60,52
4,,2,0.93784475,1678,609,138,56
4,,2,0.89148676,1848,578,144,64
4,,2,0.8767116,1371,993,265,169
4,,2,0.85557586,753,465,37,36
4,,2,0.84581083,611,475,40,38
4,,2,0.8228163,1026,656,94,77
4,,2,0.8087343,687,452,34,35
4,,2,0.7902836,948,464,37,30
4,,2,0.76897085,641,438,30,24
4,,2,0.73630005,882,475,40,33
4,,2,0.6685855,1403,460,62,31
4,,2,0.6682979,1256,430,48,35
4,,2,0.5301206,1104,430,41,28
4,0,,,560,934,,
4,1,,,424,763,,
4,2,,,1678,609,,
4,3,,,763,665,,
4,4,,,1026,656,,
4,5,,,931,537,,
4,6,,,861,574,,
4,7,,,611,475,,
4,8,,,882,475,,
4,9,,,1371,993,,
4,10,,,753,465,,
4,11,,,1104,430,,
4,12,,,948,464,,
4,13,,,1848,578,,
4,14,,,641,438,,
4,15,,,687,452,,
4,16,,,1256,430,,
4,17,,,1403,460,,
5,,2,0.9866854,863,580,70,72
5,,2,0.9823772,552,963,146,221
5,,2,0.9767336,413,779,135,137
5,,2,0.9751689,1029,662,94,80
5,,2,0.96141005,763,675,76,90
5,,2,0.9283557,1635,595,129,53
5,,2,0.8736905,610,479,42,36
5,,2,0.85878706,1821,566,167,61
5,,2,0.8511774,932,538,61,55
5,,2,0.81046206,954,467,39,30
5,,2,0.8028766,687,456,34,35
5,,2,0.77699804,885,477,38,33
5,,2,0.74190146,754,467,38,35
5,,2,0.69620574,1890,619,59,76
5,,2,0.6489555,1246,429,44,34
5,,2,0.60671574,1390,1003,278,153
5,,2,0.60065025,640,438,31,29
5,,2,0.5351355,1390,457,62,32
5,,2,0.51438844,1098,428,34,24
5,0,,,552,963,,
5,1,,,413,779,,
5,2,,,1678,609,,
5,3,,,763,675,,
5,4,,,1029,662,,
5,5,,,932,538,,
5,6,,,863,580,,
5,7,,,610,479,,
5,8,,,885,477,,
5,9,,,1390,1003,,
5,10,,,754,467,,
5,11,,,1098,428,,
5,12,,,954,467,,
5,13,,,1821,566,,
5,14,,,640,438,,
5,15,,,687,456,,
5,16,,,1246,429,,
5,17,,,1390,457,,
5,18,,,1635,595,,
5,19,,,1890,619,,
6,,2,0.99114287,864,582,70,76
6,,2,0.9901715,546,974,151,210
6,,2,0.98372656,409,786,137,138
6,,2,0.9742004,1032,665,96,79
6,,2,0.96207553,764,680,77,94
6,,2,0.9200101,1613,587,124,53
6,,2,0.90155226,936,542,59,50
6,,2,0.8196815,687,457,34,35
6,,2,0.8194504,1799,562,156,60
6,,2,0.7821409,885,477,39,34
6,,2,0.7625363,754,470,36,33
6,,2,0.75861174,956,470,40,29
6,,2,0.747305,1877,620,86,73
6,,2,0.6853658,797,442,31,23
6,,2,0.6662902,1392,1009,252,138
6,,2,0.64643,609,480,44,37
6,,2,0.6168178,1242,427,45,32
6,,2,0.60630065,639,441,31,27
6,,2,0.6038245,846,429,34,25
6,,2,0.5476535,1384,456,61,30
6,,2,0.52861285,743,417,28,19
6,0,,,546,974,,
6,1,,,409,786,,
6,2,,,1678,609,,
6,3,,,764,680,,
6,4,,,1032,665,,
6,5,,,936,542,,
6,6,,,864,582,,
6,7,,,609,480,,
6,8,,,885,477,,
6,9,,,1392,1009,,
6,10,,,754,470,,
6,11,,,1098,428,,
6,12,,,956,470,,
6,13,,,1799,562,,
6,14,,,639,441,,
6,15,,,687,457,,
6,16,,,1242,427,,
6,17,,,1384,456,,
6,18,,,1613,587,,
6,19,,,1877,620,,
6,20,,,797,442,,
6,21,,,846,429,,
6,22,,,743,417,,
7,,2,0.9916996,544,980,154,199
7,,2,0.98100543,865,584,72,77
7,,2,0.96049434,406,794,140,141
7,,2,0.94448435,765,687,80,94
7,,2,0.9419659,937,543,59,49
7,,2,0.8820231,1596,581,119,51
7,,2,0.867709,885,478,41,36
7,,2,0.8498981,1033,668,102,77
7,,2,0.8277403,1782,556,155,59
7,,2,0.81068283,755,470,36,35
7,,2,0.8003452,957,471,40,30
7,,2,0.7966192,687,457,34,35
7,,2,0.7427182,639,442,31,27
7,,2,0.72613657,797,442,32,23
7,,2,0.6620346,1864,617,111,80
7,,2,0.60454756,846,429,33,26
7,,2,0.565631,1443,1015,342,130
7,,2,0.5375701,743,417,27,19
7,,2,0.53568023,608,481,42,37
7,0,,,544,980,,
7,1,,,406,794,,
7,2,,,1678,609,,
7,3,,,765,687,,
7,4,,,1033,668,,
7,5,,,937,543,,
7,6,,,865,584,,
7,7,,,608,481,,
7,8,,,885,478,,
7,9,,,1392,1009,,
7,10,,,755,470,,
7,11,,,1098,428,,
7,12,,,957,471,,
7,13,,,1782,556,,
7,14,,,639,442,,
7,15,,,687,457,,
7,16,,,1242,427,,
7,17,,,1384,456,,
7,18,,,1596,581,,
7,19,,,1864,617,,
7,20,,,797,442,,
7,21,,,846,429,,
7,22,,,743,417,,
7,23,,,1443,1015,,
8,,2,0.99195087,540,985,165,189
8,,2,0.9810134,1037,670,104,78
8,,2,0.976929,870,587,73,80
8,,2,0.9761776,397,803,143,146
8,,2,0.9471026,1576,575,117,51
8,,2,0.94066066,937,544,60,52
8,,2,0.9141315,886,479,40,35
8,,2,0.9097649,766,695,80,96
8,,2,0.8720296,1763,550,144,54
8,,2,0.8410704,755,471,36,34
8,,2,0.8282378,638,443,31,27
8,,2,0.8262102,687,458,34,36
8,,2,0.7933231,961,472,39,31
8,,2,0.77840453,607,484,42,33
8,,2,0.70260257,797,442,33,26
8,,2,0.66063976,1851,609,137,75
8,,2,0.51615685,847,428,34,27
8,0,,,540,985,,
8,1,,,397,803,,
8,2,,,1678,609,,
8,3,,,766,695,,
8,4,,,1037,670,,
8,5,,,937,544,,
8,6,,,870,587,,
8,7,,,607,484,,
8,8,,,886,479,,
8,9,,,1392,1009,,
8,10,,,755,471,,
8,11,,,1098,428,,
8,12,,,961,472,,
8,13,,,1763,550,,
8,14,,,638,443,,
8,15,,,687,458,,
8,16,,,1242,427,,
8,17,,,1384,456,,
8,18,,,1576,575,,
8,19,,,1851,609,,
8,20,,,797,442,,
8,21,,,847,428,,
8,22,,,743,417,,
8,23,,,1443,1015,,
9,,2,0.9883394,534,999,165,159
9,,2,0.9748365,388,821,149,152
9,,2,0.97009575,870,593,73,81
9,,2,0.9651598,939,546,64,53
9,,2,0.9268824,1731,541,144,53
9,,2,0.9242398,1044,677,96,81
9,,2,0.91659945,1542,562,108,49
9,,2,0.88030237,967,477,44,34
9,,2,0.8733685,888,480,41,36
9,,2,0.86641836,1824,591,168,69
9,,2,0.8633032,768,706,79,101
9,,2,0.84551954,638,444,30,27
9,,2,0.8267639,755,474,37,35
9,,2,0.781375,607,486,49,33
9,,2,0.7726294,686,461,34,36
9,,2,0.60890347,799,443,32,27
9,0,,,534,999,,
9,1,,,388,821,,
9,2,,,1678,609,,
9,3,,,768,706,,
9,4,,,1044,677,,
9,5,,,939,546,,
9,6,,,870,593,,
9,7,,,607,486,,
9,8,,,888,480,,
9,9,,,1392,1009,,
9,10,,,755,474,,
9,11,,,1098,428,,
9,12,,,967,477,,
9,13,,,1731,541,,
9,14,,,638,444,,
9,15,,,686,461,,
9,16,,,1242,427,,
9,17,,,1384,456,,
9,18,,,1576,575,,
9,19,,,1824,591,,
9,20,,,799,443,,
9,21,,,847,428,,
9,22,,,743,417,,
9,23,,,1443,1015,,
9,24,,,1542,562,,
10,,2,0.98359454,529,1006,170,146
10,,2,0.9757768,380,830,155,147
10,,2,0.9754724,941,547,63,56
10,,2,0.9673168,1046,680,103,84
10,,2,0.9627572,873,598,74,80
10,,2,0.94691473,1712,536,133,49
10,,2,0.9435328,968,478,44,32
10,,2,0.9326676,1525,558,104,47
10,,2,0.9322885,888,480,44,37
10,,2,0.8492024,637,444,30,28
10,,2,0.8167736,605,489,47,34
10,,2,0.8115254,755,476,37,35
10,,2,0.7904561,769,714,85,103
10,,2,0.7625687,687,463,34,37
10,,2,0.75972086,1799,585,167,67
10,,2,0.5981225,799,443,33,28
10,,2,0.5626116,849,430,34,29
10,0,,,529,1006,,
10,1,,,380,830,,
10,2,,,1678,609,,
10,3,,,769,714,,
10,4,,,1046,680,,
10,5,,,941,547,,
10,6,,,873,598,,
10,7,,,605,489,,
10,8,,,888,480,,
10,9,,,1392,1009,,
10,10,,,755,476,,
10,11,,,1098,428,,
10,12,,,968,478,,
10,13,,,1712,536,,
10,14,,,637,444,,
10,15,,,687,463,,
10,16,,,1242,427,,
10,17,,,1384,456,,
10,18,,,1576,575,,
10,19,,,1799,585,,
10,20,,,799,443,,
10,21,,,849,430,,
10,22,,,743,417,,
10,23,,,1443,1015,,
10,24,,,1525,558,,
11,,2,0.9820902,941,548,65,55
11,,2,0.98089814,874,601,73,80
11,,2,0.97215176,374,840,154,156
11,,2,0.9621654,528,1014,172,131
11,,2,0.9249751,888,481,43,37
11,,2,0.9216308,970,480,43,34
11,,2,0.917652,1699,531,132,46
11,,2,0.8861237,1510,551,101,46
11,,2,0.85894346,604,490,46,34
11,,2,0.8357987,755,477,38,37
11,,2,0.8264436,636,445,30,29
11,,2,0.7696916,687,464,34,37
11,,2,0.727008,1048,684,104,82
11,,2,0.6500607,800,445,32,27
11,,2,0.63430613,849,430,37,30
11,,2,0.5096552,1070,417,33,24
11,,7,0.7324981,1775,577,162,66
11,0,,,528,1014,,
11,1,,,374,840,,
11,2,,,1678,609,,
11,3,,,769,714,,
11,4,,,1048,684,,
11,5,,,941,548,,
11,6,,,874,601,,
11,7,,,604,490,,
11,8,,,888,481,,
11,9,,,1392,1009,,
11,10,,,755,477,,
11,11,,,1070,417,,
11,12,,,970,480,,
11,13,,,1699,531,,
11,14,,,636,445,,
11,15,,,687,464,,
11,16,,,1242,427,,
11,17,,,1384,456,,
11,18,,,1576,575,,
11,19,,,1775,577,,
11,20,,,800,445,,
11,21,,,849,430,,
11,22,,,743,417,,
11,23,,,1443,1015,,
11,24,,,1510,551,,
12,,2,0.9865352,941,548,67,55
12,,2,0.94309723,875,603,77,81
12,,2,0.93780184,1495,546,98,45
12,,2,0.92725605,368,850,155,173
12,,2,0.926922,527,1021,170,117
12,,2,0.8694678,772,728,86,113
12,,2,0.85812455,889,481,43,37
12,,2,0.8547362,755,477,39,37
12,,2,0.8251025,1683,525,134,45
12,,2,0.82077056,1051,687,103,84
12,,2,0.8094861,636,445,30,30
12,,2,0.761951,686,465,34,38
12,,2,0.739857,974,484,43,32
12,,2,0.6561448,800,445,34,29
12,,2,0.6525537,849,430,38,31
12,,2,0.62883925,603,491,48,37
12,,2,0.5781503,1215,420,45,29
12,,7,0.84535086,1752,570,159,63
12,0,,,527,1021,,
12,1,,,368,850,,
12,2,,,1678,609,,
12,3,,,772,728,,
12,4,,,1051,687,,
12,5,,,941,548,,
12,6,,,875,603,,
12,7,,,603,491,,
12,8,,,889,481,,
12,9,,,1392,1009,,
12,10,,,755,477,,
12,11,,,1070,417,,
12,12,,,974,484,,
12,13,,,1683,525,,
12,14,,,636,445,,
12,15,,,686,465,,
12,16,,,1215,420,,
12,17,,,1384,456,,
12,18,,,1576,575,,
12,19,,,1752,570,,
12,20,,,800,445,,
12,21,,,849,430,,
12,22,,,743,417,,
12,23,,,1443,1015,,
12,24,,,1495,546,,
13,,2,0.9808143,942,551,65,57
13,,2,0.9770448,356,871,169,175
13,,2,0.95833427,880,612,78,83
13,,2,0.94886327,772,744,90,115
13,,2,0.94498926,1056,693,108,87
13,,2,0.9343783,523,1039,175,80
13,,2,0.9165621,601,493,49,40
13,,2,0.9036925,1466,537,95,43
13,,2,0.8580247,891,484,41,34
13,,2,0.84565383,979,487,42,34
13,,2,0.8029352,755,479,39,38
13,,2,0.80178213,686,467,35,36
13,,2,0.79197043,636,447,34,29
13,,2,0.71514374,1651,517,122,42
13,,2,0.6405771,1208,418,45,28
13,,2,0.6253408,799,447,31,30
13,,2,0.52682525,661,404,21,16
13,,7,0.7497758,1712,559,141,59
13,,7,0.6229129,850,432,35,33
13,,7,0.56195635,1651,517,116,42
13,0,,,523,1039,,
13,1,,,356,871,,
13,2,,,1678,609,,
13,3,,,772,744,,
13,4,,,1056,693,,
13,5,,,942,551,,
13,6,,,880,612,,
13,7,,,601,493,,
13,8,,,891,484,,
13,9,,,1392,1009,,
13,10,,,755,479,,
13,11,,,1070,417,,
13,12,,,979,487,,
13,13,,,1651,517,,
13,14,,,636,447,,
13,15,,,686,467,,
13,16,,,1208,418,,
13,17,,,1384,456,,
13,18,,,1576,575,,
13,19,,,1752,570,,
13,20,,,799,447,,
13,21,,,850,432,,
13,22,,,743,417,,
13,23,,,1443,1015,,
13,24,,,1466,537,,
13,25,,,661,404,,
13,26,,,1712,559,,
14,,2,0.9656398,346,884,172,180
14,,2,0.95328814,943,552,65,57
14,,2,0.95238,1452,532,94,41
14,,2,0.938285,525,1048,171,64
14,,2,0.8965795,772,752,89,123
14,,2,0.85094327,635,449,35,27
14,,2,0.8388765,1058,697,108,85
14,,2,0.833185,686,471,33,32
14,,2,0.81364036,881,615,79,83
14,,2,0.8136146,601,495,48,40
14,,2,0.8011798,892,484,43,34
14,,2,0.7555877,981,489,46,35
14,,2,0.7191725,1640,513,117,38
14,,2,0.7001534,756,480,41,37
14,,7,0.722428,1692,553,140,59
14,0,,,525,1048,,
14,1,,,346,884,,
14,2,,,1678,609,,
14,3,,,772,752,,
14,4,,,1058,697,,
14,5,,,943,552,,
14,6,,,881,615,,
14,7,,,601,495,,
14,8,,,892,484,,
14,9,,,1392,1009,,
14,10,,,756,480,,
14,11,,,1070,417,,
14,12,,,981,489,,
14,13,,,1640,513,,
14,14,,,635,449,,
14,15,,,686,471,,
14,16,,,1208,418,,
14,17,,,1384,456,,
14,18,,,1576,575,,
14,19,,,1752,570,,
14,20,,,799,447,,
14,21,,,850,432,,
14,22,,,743,417,,
14,23,,,1443,1015,,
14,24,,,1452,532,,
14,25,,,661,404,,
14,26,,,1692,553,,
15,,2,0.9577168,339,894,175,187
15,,2,0.9501835,947,555,64,55
15,,2,0.935947,1059,699,111,87
15,,2,0.91183996,882,619,80,87
15,,2,0.8995224,527,1059,173,42
15,,2,0.884418,1441,528,91,39
15,,2,0.88305914,773,760,92,118
15,,2,0.8696855,635,450,36,28
15,,2,0.8660411,892,485,43,34
15,,2,0.86598593,686,471,35,36
15,,2,0.8604593,599,498,44,36
15,,2,0.805794,986,491,48,37
15,,2,0.71150184,1626,510,119,40
15,,2,0.5866202,756,481,42,37
15,,7,0.72766733,1672,549,134,59
15,0,,,527,1059,,
15,1,,,339,894,,
15,2,,,1678,609,,
15,3,,,773,760,,
15,4,,,1059,699,,
15,5,,,947,555,,
15,6,,,882,619,,
15,7,,,599,498,,
15,8,,,892,485,,
15,9,,,1392,1009,,
15,10,,,756,481,,
15,11,,,1070,417,,
15,12,,,986,491,,
15,13,,,1626,510,,
15,14,,,635,450,,
15,15,,,686,471,,
15,16,,,1208,418,,
15,17,,,1384,456,,
15,18,,,1576,575,,
15,19,,,1752,570,,
15,20,,,799,447,,
15,21,,,850,432,,
15,22,,,743,417,,
15,23,,,1443,1015,,
15,24,,,1441,528,,
15,25,,,661,404,,
15,26,,,1672,549,,
16,,2,0.97191966,333,906,180,194
16,,2,0.9676926,948,556,67,56
16,,2,0.94108486,988,494,47,36
16,,2,0.9235313,1426,523,85,42
16,,2,0.89725554,599,499,46,37
16,,2,0.8905828,685,472,35,37
16,,2,0.8800324,884,623,80,87
16,,2,0.86615914,635,450,37,28
16,,2,0.8266559,1610,507,115,39
16,,2,0.81244546,893,486,45,34
16,,2,0.79257697,773,770,92,123
16,,2,0.74505585,1064,703,115,93
16,,2,0.652896,756,484,41,36
16,,2,0.5054655,661,406,23,15
16,,2,0.50057495,803,450,37,31
16,,7,0.88047767,1655,544,130,54
16,0,,,527,1059,,
16,1,,,333,906,,
16,2,,,1678,609,,
16,3,,,773,770,,
16,4,,,1064,703,,
16,5,,,948,556,,
16,6,,,884,623,,
16,7,,,599,499,,
16,8,,,893,486,,
16,9,,,1392,1009,,
16,10,,,756,484,,
16,11,,,1070,417,,
16,12,,,988,494,,
16,13,,,1610,507,,
16,14,,,635,450,,
16,15,,,685,472,,
16,16,,,1208,418,,
16,17,,,1384,456,,
16,18,,,1576,575,,
16,19,,,1752,570,,
16,20,,,803,450,,
16,21,,,850,432,,
16,22,,,743,417,,
16,23,,,1443,1015,,
16,24,,,1426,523,,
16,25,,,661,406,,
16,26,,,1655,544,,
17,,2,0.96189255,951,558,67,59
17,,2,0.95062405,1402,516,81,38
17,,2,0.9158544,887,632,83,87
17,,2,0.9060951,1586,501,109,35
17,,2,0.90520704,316,933,192,207
17,,2,0.87768364,685,474,36,37
17,,2,0.8559041,598,501,47,37
17,,2,0.83302194,995,499,47,38
17,,2,0.8197832,756,486,41,37
17,,2,0.81874615,895,488,44,35
17,,2,0.7577354,1071,708,113,92
17,,2,0.73704463,775,789,97,134
17,,2,0.68959814,634,453,35,29
17,,2,0.6764198,1620,535,122,52
17,,2,0.5879638,663,407,25,16
17,,2,0.5353475,804,451,36,32
17,,7,0.7186557,854,435,35,36
17,0,,,527,1059,,
17,1,,,316,933,,
17,2,,,1678,609,,
17,3,,,775,789,,
17,4,,,1071,708,,
17,5,,,951,558,,
17,6,,,887,632,,
17,7,,,598,501,,
17,8,,,895,488,,
17,9,,,1392,1009,,
17,10,,,756,486,,
17,11,,,1070,417,,
17,12,,,995,499,,
17,13,,,1586,501,,
17,14,,,634,453,,
17,15,,,685,474,,
17,16,,,1208,418,,
17,17,,,1384,456,,
17,18,,,1576,575,,
17,19,,,1752,570,,
17,20,,,804,451,,
17,21,,,854,435,,
17,22,,,743,417,,
17,23,,,1443,1015,,
17,24,,,1402,516,,
17,25,,,663,407,,
17,26,,,1655,544,,
17,27,,,1620,535,,
18,,2,0.96268874,307,948,200,214
18,,2,0.942556,890,636,87,89
18,,2,0.9417957,1392,510,81,36
18,,2,0.9267578,1077,715,113,96
18,,2,0.88355905,596,504,47,38
18,,2,0.8534699,951,559,65,61
18,,2,0.8233675,997,502,51,40
18,,2,0.8084756,684,476,36,39
18,,2,0.78507704,894,489,44,35
18,,2,0.759411,758,487,42,39
18,,2,0.73590887,634,453,35,28
18,,2,0.6642488,776,799,96,135
18,,2,0.63809514,1578,500,111,36
18,,2,0.55183965,804,452,35,31
18,,2,0.54779583,662,407,25,16
18,,7,0.81352204,1603,532,121,46
18,,7,0.6743353,855,436,36,33
18,0,,,527,1059,,
18,1,,,307,948,,
18,2,,,1678,609,,
18,3,,,776,799,,
18,4,,,1077,715,,
18,5,,,951,559,,
18,6,,,890,636,,
18,7,,,596,504,,
18,8,,,894,489,,
18,9,,,1392,1009,,
18,10,,,758,487,,
18,11,,,1070,417,,
18,12,,,997,502,,
18,13,,,1578,500,,
18,14,,,634,453,,
18,15,,,684,476,,
18,16,,,1208,418,,
18,17,,,1384,456,,
18,18,,,1576,575,,
18,19,,,1752,570,,
18,20,,,804,452,,
18,21,,,855,436,,
18,22,,,743,417,,
18,23,,,1443,1015,,
18,24,,,1392,510,,
18,25,,,662,407,,
18,26,,,1655,544,,
18,27,,,1603,532,,
19,,2,0.9821967,297,962,203,222
19,,2,0.95398146,1381,507,76,37
19,,2,0.92435884,952,560,69,62
19,,2,0.9117609,594,505,51,40
19,,2,0.8764257,1078,720,115,96
19,,2,0.85114074,1000,505,50,38
19,,2,0.80146074,895,490,48,37
19,,2,0.7694866,894,639,87,90
19,,2,0.76595664,684,477,36,40
19,,2,0.7627788,757,489,40,39
19,,2,0.6404592,776,806,99,140
19,,2,0.6221783,1560,495,96,34
19,,2,0.5981484,632,455,32,29
19,,2,0.5201656,662,408,25,16
19,,7,0.60518533,1587,525,122,51
19,0,,,527,1059,,
19,1,,,297,962,,
19,2,,,1678,609,,
19,3,,,776,806,,
19,4,,,1078,720,,
19,5,,,952,560,,
19,6,,,894,639,,
19,7,,,594,505,,
19,8,,,895,490,,
19,9,,,1392,1009,,
19,10,,,757,489,,
19,11,,,1070,417,,
19,12,,,1000,505,,
19,13,,,1560,495,,
19,14,,,632,455,,
19,15,,,684,477,,
19,16,,,1208,418,,
19,17,,,1384,456,,
19,18,,,1576,575,,
19,19,,,1752,570,,
19,20,,,804,452,,
19,21,,,855,436,,
19,22,,,743,417,,
19,23,,,1443,1015,,
19,24,,,1381,507,,
19,25,,,662,408,,
19,26,,,1655,544,,
19,27,,,1587,525,,
20,,2,0.99063724,287,970,212,216
20,,2,0.9625809,1371,504,76,35
20,,2,0.9622379,594,507,49,40
20,,2,0.95762837,1080,722,119,96
20,,2,0.90216297,778,817,100,142
20,,2,0.89179677,1005,506,50,39
20,,2,0.8775902,895,644,88,92
20,,2,0.8596451,953,562,65,60
20,,2,0.82551146,684,477,36,40
20,,2,0.8209362,757,490,41,39
20,,2,0.77830434,633,456,33,29
20,,2,0.750542,895,491,49,38
20,,7,0.7579712,1570,521,123,56
20,0,,,527,1059,,
20,1,,,287,970,,
20,2,,,1678,609,,
20,3,,,778,817,,
20,4,,,1080,722,,
20,5,,,953,562,,
20,6,,,895,644,,
20,7,,,594,507,,
20,8,,,895,491,,
20,9,,,1392,1009,,
20,10,,,757,490,,
20,11,,,1070,417,,
20,12,,,1005,506,,
20,13,,,1570,521,,
20,14,,,633,456,,
20,15,,,684,477,,
20,16,,,1208,418,,
20,17,,,1384,456,,
20,18,,,1576,575,,
20,19,,,1752,570,,
20,20,,,804,452,,
20,21,,,855,436,,
20,22,,,743,417,,
20,23,,,1443,1015,,
20,24,,,1371,504,,
20,25,,,662,408,,
20,26,,,1655,544,,
20,27,,,1587,525,,
21,,2,0.9917166,265,983,219,192
21,,2,0.9218139,781,840,102,157
21,,2,0.8833334,955,565,70,62
21,,2,0.8678825,1087,730,121,99
21,,2,0.8466682,897,492,47,37
21,,2,0.78877175,1350,498,73,35
21,,2,0.78669095,1013,513,52,41
21,,2,0.7610264,632,457,37,30
21,,2,0.68326825,900,651,87,99
21,,2,0.6397746,592,510,48,43
21,,2,0.5224436,756,492,40,39
21,,7,0.7165997,1541,504,118,66
21,0,,,527,1059,,
21,1,,,265,983,,
21,2,,,1678,609,,
21,3,,,781,840,,
21,4,,,1087,730,,
21,5,,,955,565,,
21,6,,,900,651,,
21,7,,,592,510,,
21,8,,,897,492,,
21,9,,,1392,1009,,
21,10,,,756,492,,
21,11,,,1070,417,,
21,12,,,1013,513,,
21,13,,,1541,504,,
21,14,,,632,457,,
21,15,,,684,477,,
21,16,,,1208,418,,
21,17,,,1384,456,,
21,18,,,1576,575,,
21,19,,,1752,570,,
21,20,,,804,452,,
21,21,,,855,436,,
21,22,,,743,417,,
21,23,,,1443,1015,,
21,24,,,1350,498,,
21,25,,,662,408,,
21,26,,,1655,544,,
21,27,,,1587,525,,
22,,2,0.9906942,252,990,233,176
22,,2,0.9417469,1015,516,51,41
22,,2,0.93443245,957,566,70,63
22,,2,0.9228328,1339,494,70,33
22,,2,0.9093923,1089,734,125,101
22,,2,0.9091457,904,658,90,102
22,,2,0.8969106,782,849,104,162
22,,2,0.85616964,590,513,51,40
22,,2,0.85567594,897,492,45,37
22,,2,0.7468818,630,459,34,29
22,,2,0.6506997,683,485,37,34
22,,2,0.56367797,759,492,44,41
22,,7,0.68417734,1531,503,108,64
22,0,,,527,1059,,
22,1,,,252,990,,
22,2,,,1678,609,,
22,3,,,782,849,,
22,4,,,1089,734,,
22,5,,,957,566,,
22,6,,,904,658,,
22,7,,,590,513,,
22,8,,,897,492,,
22,9,,,1392,1009,,
22,10,,,759,492,,
22,11,,,1070,417,,
22,12,,,1015,516,,
22,13,,,1531,503,,
22,14,,,630,459,,
22,15,,,683,485,,
22,16,,,1208,418,,
22,17,,,1384,456,,
22,18,,,1576,575,,
22,19,,,1752,570,,
22,20,,,804,452,,
22,21,,,855,436,,
22,22,,,743,417,,
22,23,,,1443,1015,,
22,24,,,1339,494,,
22,25,,,662,408,,
22,26,,,1655,544,,
22,27,,,1587,525,,
23,,2,0.9913051,251,996,227,161
23,,2,0.95924604,589,514,54,41
23,,2,0.92903966,1019,519,52,41
23,,2,0.92708343,1331,490,70,36
23,,2,0.91312283,782,865,105,164
23,,2,0.9096373,1093,736,125,105
23,,2,0.89383143,897,493,46,39
23,,2,0.8811581,905,664,90,103
23,,2,0.82653826,957,566,72,63
23,,2,0.8262619,629,459,35,31
23,,2,0.81256366,683,484,39,39
23,,2,0.74481577,759,494,43,42
23,,2,0.59654236,860,443,33,26
23,,2,0.5774447,806,457,33,31
23,,2,0.5260228,1028,400,30,24
23,,7,0.7359715,1518,505,101,49
23,0,,,527,1059,,
23,1,,,251,996,,
23,2,,,1678,609,,
23,3,,,782,865,,
23,4,,,1093,736,,
23,5,,,957,566,,
23,6,,,905,664,,
23,7,,,589,514,,
23,8,,,897,493,,
23,9,,,1392,1009,,
23,10,,,759,494,,
23,11,,,1070,417,,
23,12,,,1019,519,,
23,13,,,1518,505,,
23,14,,,629,459,,
23,15,,,683,484,,
23,16,,,1208,418,,
23,17,,,1384,456,,
23,18,,,1576,575,,
23,19,,,1752,570,,
23,20,,,806,457,,
23,21,,,860,443,,
23,22,,,743,417,,
23,23,,,1443,1015,,
23,24,,,1331,490,,
23,25,,,662,408,,
23,26,,,1655,544,,
23,27,,,1587,525,,
23,28,,,1028,400,,
24,,2,0.9876873,244,1003,222,153
24,,2,0.95707417,1022,522,55,44
24,,2,0.91194206,783,878,111,169
24,,2,0.8708304,1323,488,66,32
24,,2,0.86920774,588,515,53,42
24,,2,0.8553161,683,486,39,40
24,,2,0.8226234,1097,737,126,104
24,,2,0.78883004,898,494,46,38
24,,2,0.7866317,629,460,35,33
24,,2,0.7373308,961,570,69,60
24,,2,0.6823401,759,495,43,42
24,,2,0.649683,906,668,90,103
24,,7,0.76248616,1505,495,101,60
24,0,,,527,1059,,
24,1,,,244,1003,,
24,2,,,1678,609,,
24,3,,,783,878,,
24,4,,,1097,737,,
24,5,,,961,570,,
24,6,,,906,668,,
24,7,,,588,515,,
24,8,,,898,494,,
24,9,,,1392,1009,,
24,10,,,759,495,,
24,11,,,1070,417,,
24,12,,,1022,522,,
24,13,,,1505,495,,
24,14,,,629,460,,
24,15,,,683,486,,
24,16,,,1208,418,,
24,17,,,1384,456,,
24,18,,,1576,575,,
24,19,,,1752,570,,
24,20,,,806,457,,
24,21,,,860,443,,
24,22,,,743,417,,
24,23,,,1443,1015,,
24,24,,,1323,488,,
24,25,,,662,408,,
24,26,,,1655,544,,
24,27,,,1587,525,,
24,28,,,1028,400,,
25,,2,0.9694355,221,1018,219,120
25,,2,0.9645195,587,519,52,43
25,,2,0.89595723,760,499,45,42
25,,2,0.8907345,1103,751,127,109
25,,2,0.88878214,1031,527,61,46
25,,2,0.8771054,908,678,92,106
25,,2,0.82369775,629,461,38,33
25,,2,0.8220684,1305,482,64,32
25,,2,0.813522,681,489,41,42
25,,2,0.81094176,962,572,66,63
25,,2,0.8045936,786,906,117,180
25,,2,0.7833524,902,498,42,36
25,,2,0.6318277,1482,488,92,61
25,,2,0.5836637,1887,650,66,64
25,,2,0.5179514,809,460,40,34
25,,7,0.64681023,1481,488,96,61
25,0,,,527,1059,,
25,1,,,221,1018,,
25,2,,,1678,609,,
25,3,,,786,906,,
25,4,,,1103,751,,
25,5,,,962,572,,
25,6,,,908,678,,
25,7,,,587,519,,
25,8,,,902,498,,
25,9,,,1392,1009,,
25,10,,,760,499,,
25,11,,,1070,417,,
25,12,,,1031,527,,
25,13,,,1481,488,,
25,14,,,629,461,,
25,15,,,681,489,,
25,16,,,1208,418,,
25,17,,,1384,456,,
25,18,,,1576,575,,
25,19,,,1752,570,,
25,20,,,809,460,,
25,21,,,860,443,,
25,22,,,743,417,,
25,23,,,1443,1015,,
25,24,,,1305,482,,
25,25,,,662,408,,
25,26,,,1655,544,,
25,27,,,1587,525,,
25,28,,,1028,400,,
25,29,,,1887,650,,
26,,2,0.91543907,1872,648,94,71
26,,2,0.91437465,965,574,70,63
26,,2,0.9068766,586,520,55,45
26,,2,0.8852867,1037,532,56,45
26,,2,0.86940354,1296,479,64,31
26,,2,0.865655,217,1026,232,105
26,,2,0.845778,1107,757,133,114
26,,2,0.839952,760,501,44,43
26,,2,0.81098056,629,462,37,33
26,,2,0.8059823,787,923,118,187
26,,2,0.7607472,903,498,44,37
26,,2,0.75811684,809,461,41,35
26,,2,0.75541484,681,490,41,43
26,,2,0.6324084,913,686,99,108
26,,2,0.5921176,748,431,32,22
26,,2,0.5577996,835,416,25,18
26,,2,0.552702,863,443,36,30
26,,7,0.8005473,1472,486,96,59
26,,7,0.5395958,914,686,98,110
26,0,,,527,1059,,
26,1,,,217,1026,,
26,2,,,1678,609,,
26,3,,,787,923,,
26,4,,,1107,757,,
26,5,,,965,574,,
26,6,,,914,686,,
26,7,,,586,520,,
26,8,,,903,498,,
26,9,,,1392,1009,,
26,10,,,760,501,,
26,11,,,1070,417,,
26,12,,,1037,532,,
26,13,,,1472,486,,
26,14,,,629,462,,
26,15,,,681,490,,
26,16,,,1208,418,,
26,17,,,1384,456,,
26,18,,,1576,575,,
26,19,,,1752,570,,
26,20,,,809,461,,
26,21,,,863,443,,
26,22,,,748,431,,
26,23,,,1443,1015,,
26,24,,,1296,479,,
26,25,,,662,408,,
26,26,,,1655,544,,
26,27,,,1587,525,,
26,28,,,1028,400,,
26,29,,,1872,648,,
26,30,,,835,416,,
27,,2,0.96635276,1040,535,59,47
27,,2,0.96187276,1858,639,123,70
27,,2,0.92289615,966,575,73,63
27,,2,0.92106414,585,523,52,44
27,,2,0.9104875,760,503,39,43
27,,2,0.8089295,628,464,38,33
27,,2,0.80284923,680,492,40,44
27,,2,0.7983335,902,498,45,38
27,,2,0.78274375,916,691,98,112
27,,2,0.72816455,211,1035,246,90
27,,2,0.7148294,1286,476,61,32
27,,2,0.70526725,1108,762,131,118
27,,2,0.61241657,809,462,37,35
27,,2,0.58888376,1462,482,97,57
27,,2,0.5873385,863,443,38,32
27,,2,0.5042922,748,431,32,24
27,,7,0.5902585,1115,763,131,110
27,0,,,527,1059,,
27,1,,,211,1035,,
27,2,,,1678,609,,
27,3,,,787,923,,
27,4,,,1115,763,,
27,5,,,966,575,,
27,6,,,916,691,,
27,7,,,585,523,,
27,8,,,902,498,,
27,9,,,1392,1009,,
27,10,,,760,503,,
27,11,,,1070,417,,
27,12,,,1040,535,,
27,13,,,1462,482,,
27,14,,,628,464,,
27,15,,,680,492,,
27,16,,,1208,418,,
27,17,,,1384,456,,
27,18,,,1576,575,,
27,19,,,1752,570,,
27,20,,,809,462,,
27,21,,,863,443,,
27,22,,,748,431,,
27,23,,,1443,1015,,
27,24,,,1286,476,,
27,25,,,662,408,,
27,26,,,1655,544,,
27,27,,,1587,525,,
27,28,,,1028,400,,
27,29,,,1858,639,,
27,30,,,835,416,,
28,,2,0.97549975,966,577,74,64
28,,2,0.9662829,1044,538,61,47
28,,2,0.9636772,1844,630,151,67
28,,2,0.90307033,584,524,52,46
28,,2,0.8967187,680,493,41,45
28,,2,0.89080226,760,504,40,44
28,,2,0.8617406,789,958,117,210
28,,2,0.8597254,920,697,97,113
28,,2,0.8531709,1117,765,132,112
28,,2,0.8185852,1281,474,59,30
28,,2,0.764054,810,463,35,35
28,,2,0.7275389,628,465,38,34
28,,2,0.70290434,180,1044,261,71
28,,2,0.5776836,1452,480,98,54
28,,2,0.5775263,903,499,46,38
28,,7,0.5843712,1453,480,96,53
28,0,,,527,1059,,
28,1,,,180,1044,,
28,2,,,1678,609,,
28,3,,,787,923,,
28,4,,,1117,765,,
28,5,,,966,577,,
28,6,,,920,697,,
28,7,,,584,524,,
28,8,,,903,499,,
28,9,,,1392,1009,,
28,10,,,760,504,,
28,11,,,1070,417,,
28,12,,,1044,538,,
28,13,,,1453,480,,
28,14,,,628,465,,
28,15,,,680,493,,
28,16,,,1208,418,,
28,17,,,1384,456,,
28,18,,,1576,575,,
28,19,,,1752,570,,
28,20,,,810,463,,
28,21,,,863,443,,
28,22,,,748,431,,
28,23,,,1443,1015,,
28,24,,,1281,474,,
28,25,,,662,408,,
28,26,,,1655,544,,
28,27,,,1587,525,,
28,28,,,1028,400,,
28,29,,,1844,630,,
28,30,,,835,416,,
28,31,,,789,958,,
29,,2,0.96762675,1794,612,146,61
29,,2,0.9327815,761,506,41,46
29,,2,0.91253686,969,579,74,66
29,,2,0.8904472,1125,774,139,118
29,,2,0.8805537,1054,545,67,49
29,,2,0.8702919,924,709,104,128
29,,2,0.8702744,680,495,43,46
29,,2,0.8099922,795,984,128,192
29,,2,0.80109334,627,466,37,35
29,,2,0.7946026,582,529,54,45
29,,2,0.6966721,1265,469,58,29
29,,2,0.6932895,905,501,46,36
29,,2,0.67330575,810,464,37,37
29,,2,0.61648697,1435,477,99,51
29,,2,0.6100919,864,443,40,38
29,,2,0.561836,837,416,26,20
29,,2,0.55201393,749,434,31,21
29,,2,0.5313086,182,1062,207,35
29,,7,0.5552656,1434,476,94,49
29,0,,,527,1059,,
29,1,,,182,1062,,
29,2,,,1678,609,,
29,3,,,787,923,,
29,4,,,1125,774,,
29,5,,,969,579,,
29,6,,,924,709,,
29,7,,,582,529,,
29,8,,,905,501,,
29,9,,,1392,1009,,
29,10,,,761,506,,
29,11,,,1070,417,,
29,12,,,1054,545,,
29,13,,,1434,476,,
29,14,,,627,466,,
29,15,,,680,495,,
29,16,,,1208,418,,
29,17,,,1384,456,,
29,18,,,1576,575,,
29,19,,,1752,570,,
29,20,,,810,464,,
29,21,,,864,443,,
29,22,,,749,434,,
29,23,,,1443,1015,,
29,24,,,1265,469,,
29,25,,,662,408,,
29,26,,,1655,544,,
29,27,,,1587,525,,
29,28,,,1028,400,,
29,29,,,1844,630,,
29,30,,,837,416,,
29,31,,,795,984,,
29,32,,,1794,612,,
30,,2,0.9750586,971,581,74,66
30,,2,0.95619595,1765,604,142,59
30,,2,0.93814224,794,987,132,184
30,,2,0.9270718,762,508,44,46
30,,2,0.900083,1058,549,66,53
30,,2,0.8747671,679,498,42,42
30,,2,0.7153316,626,469,38,30
30,,2,0.70128703,578,531,56,46
30,,2,0.69607085,1128,779,139,118
30,,2,0.63813996,1258,467,60,31
30,,2,0.54726845,905,502,45,37
30,,2,0.5309929,1426,474,97,50
30,,2,0.51986647,811,466,38,34
30,,2,0.5186074,928,715,109,122
30,,7,0.72660583,929,716,109,129
30,,7,0.7126571,865,443,41,39
30,,7,0.62061733,1130,781,140,117
30,,7,0.5838117,1425,474,93,49
30,0,,,527,1059,,
30,1,,,182,1062,,
30,2,,,1678,609,,
30,3,,,787,923,,
30,4,,,1130,781,,
30,5,,,971,581,,
30,6,,,929,716,,
30,7,,,578,531,,
30,8,,,905,502,,
30,9,,,1392,1009,,
30,10,,,762,508,,
30,11,,,1070,417,,
30,12,,,1058,549,,
30,13,,,1425,474,,
30,14,,,626,469,,
30,15,,,679,498,,
30,16,,,1208,418,,
30,17,,,1384,456,,
30,18,,,1576,575,,
30,19,,,1752,570,,
30,20,,,811,466,,
30,21,,,865,443,,
30,22,,,749,434,,
30,23,,,1443,1015,,
30,24,,,1258,467,,
30,25,,,662,408,,
30,26,,,1655,544,,
30,27,,,1587,525,,
30,28,,,1028,400,,
30,29,,,1844,630,,
30,30,,,837,416,,
30,31,,,794,987,,
30,32,,,1765,604,,
31,,2,0.97699225,1742,598,133,57
31,,2,0.95981973,973,582,75,66
31,,2,0.9072588,761,509,42,47
31,,2,0.88784075,1064,552,66,55
31,,2,0.8837297,679,499,43,44
31,,2,0.81211376,625,469,38,31
31,,2,0.7993377,812,467,38,36
31,,2,0.73111904,1132,785,140,122
31,,2,0.70145494,1252,464,57,29
31,,2,0.6648372,579,533,56,45
31,,2,0.5377871,905,503,45,40
31,,2,0.53745526,789,415,31,18
31,,2,0.5235927,749,435,32,21
31,,7,0.6990116,866,447,40,35
31,,7,0.6624647,932,721,113,122
31,,7,0.6581609,1417,472,99,43
31,0,,,527,1059,,
31,1,,,182,1062,,
31,2,,,1678,609,,
31,3,,,787,923,,
31,4,,,1132,785,,
31,5,,,973,582,,
31,6,,,932,721,,
31,7,,,579,533,,
31,8,,,905,503,,
31,9,,,1392,1009,,
31,10,,,761,509,,
31,11,,,1070,417,,
31,12,,,1064,552,,
31,13,,,1417,472,,
31,14,,,625,469,,
31,15,,,679,499,,
31,16,,,1208,418,,
31,17,,,1384,456,,
31,18,,,1576,575,,
31,19,,,1742,598,,
31,20,,,812,467,,
31,21,,,866,447,,
31,22,,,749,435,,
31,23,,,1443,1015,,
31,24,,,1252,464,,
31,25,,,662,408,,
31,26,,,1655,544,,
31,27,,,1587,525,,
31,28,,,1028,400,,
31,29,,,1844,630,,
31,30,,,837,416,,
31,31,,,794,987,,
31,32,,,1765,604,,
31,33,,,789,415,,
32,,2,0.97486615,974,585,74,65
32,,2,0.94534516,1719,589,129,59
32,,2,0.93251747,1069,557,67,55
32,,2,0.91204584,761,510,44,47
32,,2,0.8980422,795,1002,134,146
32,,2,0.8943954,625,470,37,32
32,,2,0.85088784,578,536,56,48
32,,2,0.8383691,1133,792,143,125
32,,2,0.83588344,679,501,43,45
32,,2,0.7441397,935,729,113,129
32,,2,0.7362605,1244,462,54,28
32,,2,0.73229694,813,467,41,37
32,,2,0.5092358,907,503,48,40
32,,2,0.5069058,789,416,30,17
32,,7,0.5443971,932,729,114,139
32,,7,0.5139381,1406,472,89,39
32,0,,,527,1059,,
32,1,,,182,1062,,
32,2,,,1678,609,,
32,3,,,787,923,,
32,4,,,1133,792,,
32,5,,,974,585,,
32,6,,,932,729,,
32,7,,,578,536,,
32,8,,,907,503,,
32,9,,,1392,1009,,
32,10,,,761,510,,
32,11,,,1070,417,,
32,12,,,1069,557,,
32,13,,,1406,472,,
32,14,,,625,470,,
32,15,,,679,501,,
32,16,,,1208,418,,
32,17,,,1384,456,,
32,18,,,1576,575,,
32,19,,,1719,589,,
32,20,,,813,467,,
32,21,,,866,447,,
32,22,,,749,435,,
32,23,,,1443,1015,,
32,24,,,1244,462,,
32,25,,,662,408,,
32,26,,,1655,544,,
32,27,,,1587,525,,
32,28,,,1028,400,,
32,29,,,1844,630,,
32,30,,,837,416,,
32,31,,,795,1002,,
32,32,,,1765,604,,
32,33,,,789,416,,
33,,2,0.9801953,1672,576,122,57
33,,2,0.9355188,1080,565,72,59
33,,2,0.92629147,762,515,46,47
33,,2,0.924945,977,586,71,68
33,,2,0.90923667,815,470,41,34
33,,2,0.8683845,624,473,39,32
33,,2,0.78578603,677,504,44,48
33,,2,0.75225216,1147,803,150,135
33,,2,0.7250034,575,541,58,45
33,,2,0.66705453,907,505,46,38
33,,2,0.5711349,868,447,39,38
33,,2,0.54645973,789,417,31,18
33,,2,0.53728396,1231,458,53,27
33,,2,0.5291167,1393,464,93,44
33,,2,0.5221503,941,737,114,147
33,,2,0.5185332,703,415,31,26
33,,7,0.74797827,940,743,114,139
33,0,,,527,1059,,
33,1,,,182,1062,,
33,2,,,1672,576,,
33,3,,,787,923,,
33,4,,,1147,803,,
33,5,,,977,586,,
33,6,,,940,743,,
33,7,,,575,541,,
33,8,,,907,505,,
33,9,,,1392,1009,,
33,10,,,762,515,,
33,11,,,1070,417,,
33,12,,,1080,565,,
33,13,,,1393,464,,
33,14,,,624,473,,
33,15,,,677,504,,
33,16,,,1208,418,,
33,17,,,1384,456,,
33,18,,,1576,575,,
33,19,,,1719,589,,
33,20,,,815,470,,
33,21,,,868,447,,
33,22,,,749,435,,
33,23,,,1443,1015,,
33,24,,,1231,458,,
33,25,,,662,408,,
33,26,,,1655,544,,
33,27,,,1587,525,,
33,28,,,1028,400,,
33,29,,,1844,630,,
33,30,,,837,416,,
33,31,,,795,1002,,
33,32,,,1765,604,,
33,33,,,789,417,,
33,34,,,703,415,,
34,,2,0.973325,1654,571,117,53
34,,2,0.89907455,574,543,59,46
34,,2,0.89711046,980,588,70,67
34,,2,0.8856154,762,516,45,47
34,,2,0.86111796,623,474,39,32
34,,2,0.8378654,677,506,43,48
34,,2,0.83153856,814,472,40,35
34,,2,0.8089425,1087,572,71,56
34,,2,0.72759545,1150,808,149,134
34,,2,0.72228515,944,751,115,135
34,,2,0.5782253,1382,463,88,39
34,,7,0.69263357,868,447,39,38
34,,7,0.61200076,1152,808,153,128
34,,7,0.54599226,944,754,121,139
34,0,,,527,1059,,
34,1,,,182,1062,,
34,2,,,1654,571,,
34,3,,,787,923,,
34,4,,,1152,808,,
34,5,,,980,588,,
34,6,,,944,754,,
34,7,,,574,543,,
34,8,,,907,505,,
34,9,,,1392,1009,,
34,10,,,762,516,,
34,11,,,1070,417,,
34,12,,,1087,572,,
34,13,,,1382,463,,
34,14,,,623,474,,
34,15,,,677,506,,
34,16,,,1208,418,,
34,17,,,1384,456,,
34,18,,,1576,575,,
34,19,,,1719,589,,
34,20,,,814,472,,
34,21,,,868,447,,
34,22,,,749,435,,
34,23,,,1443,1015,,
34,24,,,1231,458,,
34,25,,,662,408,,
34,26,,,1655,544,,
34,27,,,1587,525,,
34,28,,,1028,400,,
34,29,,,1844,630,,
34,30,,,837,416,,
34,31,,,795,1002,,
34,32,,,1765,604,,
34,33,,,789,417,,
34,34,,,703,415,,
35,,2,0.98877615,1633,564,112,52
35,,2,0.9402891,1093,577,69,59
35,,2,0.90855163,981,589,73,69
35,,2,0.8971852,677,509,43,48
35,,2,0.8909718,762,518,47,48
35,,2,0.8729611,622,475,38,34
35,,2,0.8577801,815,473,41,34
35,,2,0.8463331,948,759,120,138
35,,2,0.7471387,571,545,62,47
35,,2,0.59874225,790,417,32,21
35,,2,0.5208519,841,419,22,17
35,,7,0.7438843,869,449,39,36
35,,7,0.6974362,1157,814,154,131
35,,7,0.6646581,1378,461,90,40
35,,7,0.50651926,911,506,48,41
35,0,,,527,1059,,
35,1,,,182,1062,,
35,2,,,1633,564,,
35,3,,,787,923,,
35,4,,,1157,814,,
35,5,,,981,589,,
35,6,,,948,759,,
35,7,,,571,545,,
35,8,,,911,506,,
35,9,,,1392,1009,,
35,10,,,762,518,,
35,11,,,1070,417,,
35,12,,,1093,577,,
35,13,,,1378,461,,
35,14,,,622,475,,
35,15,,,677,509,,
35,16,,,1208,418,,
35,17,,,1384,456,,
35,18,,,1576,575,,
35,19,,,1719,589,,
35,20,,,815,473,,
35,21,,,869,449,,
35,22,,,749,435,,
35,23,,,1443,1015,,
35,24,,,1231,458,,
35,25,,,662,408,,
35,26,,,1655,544,,
35,27,,,1587,525,,
35,28,,,1028,400,,
35,29,,,1844,630,,
35,30,,,841,419,,
35,31,,,795,1002,,
35,32,,,1765,604,,
35,33,,,790,417,,
35,34,,,703,415,,
36,,2,0.96199286,1099,580,76,62
36,,2,0.9148219,763,520,47,48
36,,2,0.8898071,622,477,38,33
36,,2,0.8863859,815,475,41,35
36,,2,0.8849503,573,547,58,47
36,,2,0.8831938,1615,558,114,52
36,,2,0.8491819,677,510,43,49
36,,2,0.81819284,950,763,125,156
36,,2,0.80764043,1156,818,151,138
36,,2,0.76226187,982,593,74,66
36,,2,0.68138313,911,507,50,40
36,,2,0.5358802,791,418,33,20
36,,2,0.5073169,702,416,31,26
36,,7,0.5851765,870,450,38,36
36,0,,,527,1059,,
36,1,,,182,1062,,
36,2,,,1615,558,,
36,3,,,787,923,,
36,4,,,1156,818,,
36,5,,,982,593,,
36,6,,,950,763,,
36,7,,,573,547,,
36,8,,,911,507,,
36,9,,,1392,1009,,
36,10,,,763,520,,
36,11,,,1070,417,,
36,12,,,1099,580,,
36,13,,,1378,461,,
36,14,,,622,477,,
36,15,,,677,510,,
36,16,,,1208,418,,
36,17,,,1384,456,,
36,18,,,1576,575,,
36,19,,,1719,589,,
36,20,,,815,475,,
36,21,,,870,450,,
36,22,,,749,435,,
36,23,,,1443,1015,,
36,24,,,1231,458,,
36,25,,,662,408,,
36,26,,,1655,544,,
36,27,,,1587,525,,
36,28,,,1028,400,,
36,29,,,1844,630,,
36,30,,,841,419,,
36,31,,,795,1002,,
36,32,,,1765,604,,
36,33,,,791,418,,
36,34,,,702,416,,
37,,2,0.96702063,1580,548,99,46
37,,2,0.9340171,569,551,59,52
37,,2,0.93315315,675,515,45,49
37,,2,0.92885816,1112,592,74,63
37,,2,0.91184837,763,523,47,51
37,,2,0.9010952,815,476,40,37
37,,2,0.8991938,621,479,42,34
37,,2,0.81846005,870,450,38,38
37,,2,0.78248686,985,595,76,67
37,,2,0.75739545,1167,831,155,139
37,,2,0.61572397,653,420,24,15
37,,2,0.5785302,791,419,34,21
37,,2,0.5472285,958,783,121,154
37,,2,0.5309387,913,509,48,41
37,,2,0.52976984,845,422,29,18
37,,7,0.7919638,959,784,126,148
37,,7,0.62648267,1167,830,163,136
37,0,,,527,1059,,
37,1,,,182,1062,,
37,2,,,1615,558,,
37,3,,,787,923,,
37,4,,,1167,830,,
37,5,,,985,595,,
37,6,,,959,784,,
37,7,,,569,551,,
37,8,,,913,509,,
37,9,,,1392,1009,,
37,10,,,763,523,,
37,11,,,1070,417,,
37,12,,,1112,592,,
37,13,,,1378,461,,
37,14,,,621,479,,
37,15,,,675,515,,
37,16,,,1208,418,,
37,17,,,1384,456,,
37,18,,,1580,548,,
37,19,,,1719,589,,
37,20,,,815,476,,
37,21,,,870,450,,
37,22,,,749,435,,
37,23,,,1443,1015,,
37,24,,,1231,458,,
37,25,,,653,420,,
37,26,,,1655,544,,
37,27,,,1587,525,,
37,28,,,1028,400,,
37,29,,,1844,630,,
37,30,,,845,422,,
37,31,,,795,1002,,
37,32,,,1765,604,,
37,33,,,791,419,,
37,34,,,702,416,,
38,,2,0.938774,1120,598,78,64
38,,2,0.9373727,674,517,45,49
38,,2,0.9026939,1563,543,101,44
38,,2,0.9016116,621,480,43,33
38,,2,0.894571,763,523,46,50
38,,2,0.8569865,816,477,40,37
38,,2,0.8567476,567,552,63,51
38,,2,0.83326244,985,598,75,69
38,,2,0.7540955,965,792,129,167
38,,2,0.7001459,1175,836,162,147
38,,2,0.5705737,844,423,28,18
38,,2,0.5532455,914,512,49,41
38,,7,0.6857004,1177,838,168,141
38,,7,0.6656344,963,793,135,153
38,,7,0.6625735,871,451,40,38
38,,7,0.5271841,913,510,50,42
38,0,,,527,1059,,
38,1,,,182,1062,,
38,2,,,1615,558,,
38,3,,,787,923,,
38,4,,,1177,838,,
38,5,,,985,598,,
38,6,,,963,793,,
38,7,,,567,552,,
38,8,,,913,510,,
38,9,,,1392,1009,,
38,10,,,763,523,,
38,11,,,1070,417,,
38,12,,,1120,598,,
38,13,,,1378,461,,
38,14,,,621,480,,
38,15,,,674,517,,
38,16,,,1208,418,,
38,17,,,1384,456,,
38,18,,,1563,543,,
38,19,,,1719,589,,
38,20,,,816,477,,
38,21,,,871,451,,
38,22,,,749,435,,
38,23,,,1443,1015,,
38,24,,,1231,458,,
38,25,,,653,420,,
38,26,,,1655,544,,
38,27,,,1587,525,,
38,28,,,1028,400,,
38,29,,,1844,630,,
38,30,,,844,423,,
38,31,,,795,1002,,
38,32,,,1765,604,,
38,33,,,791,419,,
38,34,,,702,416,,
39,,2,0.97973436,986,599,75,69
39,,2,0.96930736,1126,601,81,66
39,,2,0.90626925,1547,537,96,47
39,,2,0.9044734,674,518,45,49
39,,2,0.8860144,620,481,43,35
39,,2,0.8779875,817,478,41,38
39,,2,0.8363506,1179,846,161,144
39,,2,0.8247644,763,527,48,54
39,,2,0.7853835,913,510,51,42
39,,2,0.6673623,566,557,63,49
39,,2,0.6546559,969,803,135,173
39,,2,0.52854437,652,420,27,17
39,,2,0.52281946,845,423,27,18
39,,7,0.77708405,969,804,132,163
39,,7,0.67416626,871,451,42,39
39,0,,,527,1059,,
39,1,,,182,1062,,
39,2,,,1615,558,,
39,3,,,787,923,,
39,4,,,1179,846,,
39,5,,,986,599,,
39,6,,,969,804,,
39,7,,,566,557,,
39,8,,,913,510,,
39,9,,,1392,1009,,
39,10,,,763,527,,
39,11,,,1070,417,,
39,12,,,1126,601,,
39,13,,,1378,461,,
39,14,,,620,481,,
39,15,,,674,518,,
39,16,,,1208,418,,
39,17,,,1384,456,,
39,18,,,1547,537,,
39,19,,,1719,589,,
39,20,,,817,478,,
39,21,,,871,451,,
39,22,,,749,435,,
39,23,,,1443,1015,,
39,24,,,1231,458,,
39,25,,,652,420,,
39,26,,,1655,544,,
39,27,,,1587,525,,
39,28,,,1028,400,,
39,29,,,1844,630,,
39,30,,,845,423,,
39,31,,,795,1002,,
39,32,,,1765,604,,
39,33,,,791,419,,
39,34,,,702,416,,
40,,2,0.9854072,1133,608,80,70
40,,2,0.964958,987,600,75,70
40,,2,0.9516567,1532,533,92,43
40,,2,0.8980015,915,512,51,40
40,,2,0.8976093,764,529,49,54
40,,2,0.8757176,1183,850,171,154
40,,2,0.87216717,673,520,45,52
40,,2,0.85735935,818,480,42,37
40,,2,0.83846,566,559,65,51
40,,2,0.83830523,973,807,136,175
40,,2,0.7428438,620,482,44,34
40,,2,0.5644356,873,452,43,38
40,0,,,527,1059,,
40,1,,,182,1062,,
40,2,,,1615,558,,
40,3,,,787,923,,
40,4,,,1183,850,,
40,5,,,987,600,,
40,6,,,973,807,,
40,7,,,566,559,,
40,8,,,915,512,,
40,9,,,1392,1009,,
40,10,,,764,529,,
40,11,,,1070,417,,
40,12,,,1133,608,,
40,13,,,1378,461,,
40,14,,,620,482,,
40,15,,,673,520,,
40,16,,,1208,418,,
40,17,,,1384,456,,
40,18,,,1532,533,,
40,19,,,1719,589,,
40,20,,,818,480,,
40,21,,,873,452,,
40,22,,,749,435,,
40,23,,,1443,1015,,
40,24,,,1231,458,,
40,25,,,652,420,,
40,26,,,1655,544,,
40,27,,,1587,525,,
40,28,,,1028,400,,
40,29,,,1844,630,,
40,30,,,845,423,,
40,31,,,795,1002,,
40,32,,,1765,604,,
40,33,,,791,419,,
40,34,,,702,416,,
41,,2,0.9867069,1148,621,90,72
41,,2,0.96344155,764,532,51,51
41,,2,0.9560415,990,604,79,72
41,,2,0.919137,1504,524,89,41
41,,2,0.91405475,618,485,39,34
41,,2,0.9059599,1199,863,168,163
41,,2,0.85999715,561,564,66,53
41,,2,0.84417206,980,831,143,190
41,,2,0.7595847,818,484,41,36
41,,2,0.7472794,672,523,49,53
41,,2,0.6659933,917,513,50,41
41,0,,,527,1059,,
41,1,,,182,1062,,
41,2,,,1615,558,,
41,3,,,787,923,,
41,4,,,1199,863,,
41,5,,,990,604,,
41,6,,,980,831,,
41,7,,,561,564,,
41,8,,,917,513,,
41,9,,,1392,1009,,
41,10,,,764,532,,
41,11,,,1070,417,,
41,12,,,1148,621,,
41,13,,,1378,461,,
41,14,,,618,485,,
41,15,,,672,523,,
41,16,,,1208,418,,
41,17,,,1384,456,,
41,18,,,1504,524,,
41,19,,,1719,589,,
41,20,,,818,484,,
41,21,,,873,452,,
41,22,,,749,435,,
41,23,,,1443,1015,,
41,24,,,1231,458,,
41,25,,,652,420,,
41,26,,,1655,544,,
41,27,,,1587,525,,
41,28,,,1028,400,,
41,29,,,1844,630,,
41,30,,,845,423,,
41,31,,,795,1002,,
41,32,,,1765,604,,
41,33,,,791,419,,
41,34,,,702,416,,
42,,2,0.9624253,1155,627,90,76
42,,2,0.94821453,993,605,80,74
42,,2,0.9224091,617,486,43,35
42,,2,0.9071084,765,534,51,54
42,,2,0.9056567,672,528,48,53
42,,2,0.8904634,1204,872,169,162
42,,2,0.88779575,1489,519,86,41
42,,2,0.87715715,559,567,67,56
42,,2,0.8615093,986,843,140,176
42,,2,0.72125876,819,481,42,42
42,,2,0.61984855,917,514,50,41
42,,7,0.5916157,874,452,43,41
42,0,,,527,1059,,
42,1,,,182,1062,,
42,2,,,1615,558,,
42,3,,,787,923,,
42,4,,,1204,872,,
42,5,,,993,605,,
42,6,,,986,843,,
42,7,,,559,567,,
42,8,,,917,514,,
42,9,,,1392,1009,,
42,10,,,765,534,,
42,11,,,1070,417,,
42,12,,,1155,627,,
42,13,,,1378,461,,
42,14,,,617,486,,
42,15,,,672,528,,
42,16,,,1208,418,,
42,17,,,1384,456,,
42,18,,,1489,519,,
42,19,,,1719,589,,
42,20,,,819,481,,
42,21,,,874,452,,
42,22,,,749,435,,
42,23,,,1443,1015,,
42,24,,,1231,458,,
42,25,,,652,420,,
42,26,,,1655,544,,
42,27,,,1587,525,,
42,28,,,1028,400,,
42,29,,,1844,630,,
42,30,,,845,423,,
42,31,,,795,1002,,
42,32,,,1765,604,,
42,33,,,791,419,,
42,34,,,702,416,,
43,,2,0.98770744,1166,635,94,76
43,,2,0.9086441,559,570,65,54
43,,2,0.908277,993,855,137,185
43,,2,0.89283395,765,536,51,56
43,,2,0.891949,1476,515,83,38
43,,2,0.89163035,1210,878,176,165
43,,2,0.88654006,617,488,43,35
43,,2,0.8389602,821,485,42,38
43,,2,0.8151566,672,529,48,56
43,,2,0.7418005,918,515,51,41
43,,2,0.715539,994,608,78,75
43,,2,0.56504923,875,456,41,35
43,0,,,527,1059,,
43,1,,,182,1062,,
43,2,,,1615,558,,
43,3,,,787,923,,
43,4,,,1210,878,,
43,5,,,994,608,,
43,6,,,993,855,,
43,7,,,559,570,,
43,8,,,918,515,,
43,9,,,1392,1009,,
43,10,,,765,536,,
43,11,,,1070,417,,
43,12,,,1166,635,,
43,13,,,1378,461,,
43,14,,,617,488,,
43,15,,,672,529,,
43,16,,,1208,418,,
43,17,,,1384,456,,
43,18,,,1476,515,,
43,19,,,1719,589,,
43,20,,,821,485,,
43,21,,,875,456,,
43,22,,,749,435,,
43,23,,,1443,1015,,
43,24,,,1231,458,,
43,25,,,652,420,,
43,26,,,1655,544,,
43,27,,,1587,525,,
43,28,,,1028,400,,
43,29,,,1844,630,,
43,30,,,845,423,,
43,31,,,795,1002,,
43,32,,,1765,604,,
43,33,,,791,419,,
43,34,,,702,416,,
